project,flow,owner
project_A00,flow_001,jackie_brown
project_A01,flow_002,
project_A02,flow_003,bill
project_A03,flow_004,django
project_A04,flow_005,marsellus_wallace
project_A05,flow_006,shosanna
project_A06,flow_007,mr_blonde
project_A07,flow_008,o_ren_ishii
project_A08,flow_009,marsellus_wallace
project_A09,flow_010,mia_wallace
project_B00,flow_011,mr_blonde
project_B01,flow_012,
project_B02,flow_013,mia_wallace
project_B03,flow_014,mr_blonde
project_B04,flow_015,mr_blonde
project_B05,flow_016,mr_blonde
project_B06,flow_017,
project_B07,flow_018,mr_pink
project_B08,flow_019,
project_B09,flow_020,bill
project_A00,flow_021,
project_A01,flow_022,butch_coolidge
project_A02,flow_023,mia_wallace
project_A03,flow_024,bill
project_A04,flow_025,mr_pink
project_A05,flow_026,jackie_brown
project_A06,flow_027,hans_landa
project_A07,flow_028,butch_coolidge
project_A08,flow_029,jules_winnfield
project_A09,flow_030,marsellus_wallace
project_B00,flow_031,jackie_brown
project_B01,flow_032,vincent_vega
project_B02,flow_033,
project_B03,flow_034,mr_pink
project_B04,flow_035,vincent_vega
project_B05,flow_036,mr_blonde
project_B06,flow_037,jackie_brown
project_B07,flow_038,vincent_vega
project_B08,flow_039,the_bride
project_B09,flow_040,o_ren_ishii
project_A00,flow_041,shosanna
project_A01,flow_042,django
project_A02,flow_043,mia_wallace
project_A03,flow_044,mr_blonde
project_A04,flow_045,hans_landa
project_A05,flow_046,
project_A06,flow_047,marsellus_wallace
project_A07,flow_048,
project_A08,flow_049,
project_A09,flow_050,marsellus_wallace
project_B00,flow_051,butch_coolidge
project_B01,flow_052,butch_coolidge
project_B02,flow_053,dr_king_schultz
project_B03,flow_054,o_ren_ishii
project_B04,flow_055,jackie_brown
project_B05,flow_056,vincent_vega
project_B06,flow_057,dr_king_schultz
project_B07,flow_058,mia_wallace
project_B08,flow_059,jules_winnfield
project_B09,flow_060,marsellus_wallace
project_A00,flow_061,o_ren_ishii
project_A01,flow_062,bill
project_A02,flow_063,vincent_vega
project_A03,flow_064,
project_A04,flow_065,jackie_brown
project_A05,flow_066,
project_A06,flow_067,
project_A07,flow_068,mr_blonde
project_A08,flow_069,
project_A09,flow_070,
project_B00,flow_071,jackie_brown
project_B01,flow_072,dr_king_schultz
project_B02,flow_073,
project_B03,flow_074,hans_landa
project_B04,flow_075,vincent_vega
project_B05,flow_076,mr_blonde
project_B06,flow_077,bill
project_B07,flow_078,shosanna
project_B08,flow_079,jackie_brown
project_B09,flow_080,jules_winnfield
project_A00,flow_081,django
project_A01,flow_082,bill
project_A02,flow_083,
project_A03,flow_084,the_bride
project_A04,flow_085,bill
project_A05,flow_086,dr_king_schultz
project_A06,flow_087,butch_coolidge
project_A07,flow_088,django
project_A08,flow_089,bill
project_A09,flow_090,dr_king_schultz
project_B00,flow_091,butch_coolidge
project_B01,flow_092,o_ren_ishii
project_B02,flow_093,dr_king_schultz
project_B03,flow_094,butch_coolidge
project_B04,flow_095,hans_landa
project_B05,flow_096,the_bride
project_B06,flow_097,vincent_vega
project_B07,flow_098,marsellus_wallace
project_B08,flow_099,mr_blonde
project_B09,flow_100,dr_king_schultz
project_A00,flow_101,mia_wallace
project_A01,flow_102,
project_A02,flow_103,jules_winnfield
project_A03,flow_104,marsellus_wallace
project_A04,flow_105,
project_A05,flow_106,the_bride
project_A06,flow_107,the_bride
project_A07,flow_108,mr_blonde
project_A08,flow_109,
project_A09,flow_110,butch_coolidge
project_B00,flow_111,shosanna
project_B01,flow_112,mr_blonde
project_B02,flow_113,mr_blonde
project_B03,flow_114,shosanna
project_B04,flow_115,butch_coolidge
project_B05,flow_116,vincent_vega
project_B06,flow_117,jackie_brown
project_B07,flow_118,the_bride
project_B08,flow_119,vincent_vega
project_B09,flow_120,marsellus_wallace
project_A00,flow_121,hans_landa
project_A01,flow_122,bill
project_A02,flow_123,mr_blonde
project_A03,flow_124,
project_A04,flow_125,bill
project_A05,flow_126,jackie_brown
project_A06,flow_127,mr_pink
project_A07,flow_128,mr_blonde
project_A08,flow_129,marsellus_wallace
project_A09,flow_130,bill
project_B00,flow_131,mr_pink
project_B01,flow_132,o_ren_ishii
project_B02,flow_133,hans_landa
project_B03,flow_134,o_ren_ishii
project_B04,flow_135,django
project_B05,flow_136,hans_landa
project_B06,flow_137,
project_B07,flow_138,hans_landa
project_B08,flow_139,vincent_vega
project_B09,flow_140,django
project_A00,flow_141,marsellus_wallace
project_A01,flow_142,butch_coolidge
project_A02,flow_143,
project_A03,flow_144,
project_A04,flow_145,mr_pink
project_A05,flow_146,vincent_vega
project_A06,flow_147,jackie_brown
project_A07,flow_148,butch_coolidge
project_A08,flow_149,bill
project_A09,flow_150,butch_coolidge
project_B00,flow_151,
project_B01,flow_152,jackie_brown
project_B02,flow_153,django
project_B03,flow_154,django
project_B04,flow_155,jules_winnfield
project_B05,flow_156,shosanna
project_B06,flow_157,mia_wallace
project_B07,flow_158,jackie_brown
project_B08,flow_159,o_ren_ishii
project_B09,flow_160,
project_A00,flow_161,mr_blonde
project_A01,flow_162,mr_pink
project_A02,flow_163,django
project_A03,flow_164,mr_pink
project_A04,flow_165,jackie_brown
project_A05,flow_166,dr_king_schultz
project_A06,flow_167,o_ren_ishii
project_A07,flow_168,shosanna
project_A08,flow_169,o_ren_ishii
project_A09,flow_170,butch_coolidge
project_B00,flow_171,marsellus_wallace
project_B01,flow_172,mr_blonde
project_B02,flow_173,butch_coolidge
project_B03,flow_174,vincent_vega
project_B04,flow_175,butch_coolidge
project_B05,flow_176,the_bride
project_B06,flow_177,vincent_vega
project_B07,flow_178,
project_B08,flow_179,shosanna
project_B09,flow_180,butch_coolidge
project_A00,flow_181,
project_A01,flow_182,mr_blonde
project_A02,flow_183,mia_wallace
project_A03,flow_184,bill
project_A04,flow_185,django
project_A05,flow_186,shosanna
project_A06,flow_187,
project_A07,flow_188,mr_pink
project_A08,flow_189,mia_wallace
project_A09,flow_190,marsellus_wallace
project_B00,flow_191,dr_king_schultz
project_B01,flow_192,dr_king_schultz
project_B02,flow_193,shosanna
project_B03,flow_194,django
project_B04,flow_195,butch_coolidge
project_B05,flow_196,marsellus_wallace
project_B06,flow_197,mia_wallace
project_B07,flow_198,hans_landa
project_B08,flow_199,bill
project_B09,flow_200,dr_king_schultz
